{"1.2": [0.7825820697219987, 0.5756361806225525, 0.5780716349943077], "1.5": [0.7740039239073507, 0.6048810012756017, 0.5526161573880285], "2": [0.7653057689424306, 0.6040648021165698, 0.5362307067424857], "2.5": [0.7587880734631468, 0.6031857110346341, 0.5273627866102101], "3": [0.7516890928453491, 0.5994865812606323, 0.5185796213371042], "3.5": [0.7441189280144438, 0.5943608696668075, 0.5111902733679238], "4": [0.7360489063387993, 0.5873344384741377, 0.5037393162393162], "4.5": [0.7273291796804211, 0.5816444295232309, 0.4960547080483956], "5": [0.7192226084127832, 0.5774159107274727, 0.48914412745461283]}