{"1.2": [0.5557254736412374, 0.5132580472158512, 0.17932979429329796], "1.5": [0.5545284194119469, 0.5516607337783573, 0.16230012761804669], "2": [0.5435430557770431, 0.5468716307123691, 0.15162353601234307], "2.5": [0.5309046488245479, 0.5366141753570107, 0.14517861939296267], "3": [0.5106643015448133, 0.5178112278988672, 0.13747933358768918], "3.5": [0.4890074227302724, 0.5036119261973323, 0.1297952812631326], "4": [0.47110211216929415, 0.4889536220558123, 0.12361349342481417], "4.5": [0.45431649144671077, 0.47270936840783645, 0.11800665902516239], "5": [0.4404581655740224, 0.460898004456755, 0.11349677148406741]}