{"1.2": [0.0018884279067077619, 0.005520924814180649, 0.001251792293643009], "1.5": [0.001926882995938191, 0.005493383733240285, 0.001251640748910725], "2": [0.0019499174838235106, 0.005432304200943228, 0.0012515291641328945], "2.5": [0.001960079574257655, 0.00531994515106939, 0.001251469993059098], "3": [0.0019666076777161466, 0.005277652054290077, 0.0012514136788002149], "3.5": [0.0019698863688742962, 0.005204191935436332, 0.0012513612897052323], "4": [0.0019731200444627096, 0.005161553527283405, 0.0012513032035241529], "4.5": [0.0019759154619662864, 0.005096748201209492, 0.0012512465479662545], "5": [0.0019779075225141215, 0.0050417845100004365, 0.0012511891849872104]}