{"ath": [0.5038447583775106, 0.5334272253259418, 0.0], "gma": [0.660202839989819, 0.5825803967012266, 0.33328913346151295], "han": [0.0, 0.0, 0.0], "nta": [0.5435430557770431, 0.5468716307123691, 0.15162353601234307], "oeu": [0.0, 0.0, 0.0], "osa": [0.0, 0.0, 0.0], "sly": [0.7653057689424303, 0.6040648021165699, 0.5362307067424857]}