{"1.2": [0.7563547996229245, 0.5776292500495062], "1.5": [0.7471324484198497, 0.5977561627128201], "2": [0.7370849680583327, 0.6024257042581819], "2.5": [0.7314212771041343, 0.6021851806028561], "3": [0.7250558096468072, 0.5978608224101052], "3.5": [0.7185066634087568, 0.593745235226957], "4": [0.7114448827211133, 0.5895791933758134], "4.5": [0.7035371919678411, 0.5832966041682787], "5": [0.6958992217460144, 0.5776193805436017]}